academicyear,state,adj_avg_tuition,adj_aid,adj_other_src,tuition_reliance_a2,pc_on_loan
2000,AK,6411.606910809212,95461702.8942705,21268739.710366204,0.12199184261714001,0.4
2000,AL,5944.065903721203,54452018.89412284,103606694.3795038,0.23464574125101464,0.36630910556493435
2000,AR,4860.455050206731,13796621.764966032,2776425.0629725326,0.170391167509511,0.28353367479225555
2000,AZ,6277.191671588893,207435049.0468989,26979781.115121074,0.187304474028202,0.2844951646506421
2000,CA,5716.255654863678,98508731.34214005,102636551.91522574,0.17049885870054324,0.33533052942060054
2000,CO,7185.166612522147,70166431.43428527,13816829.819238033,0.2829471696080393,0.31787745690128466
2000,CT,7275.896898995862,32270314.189080026,98173875.12062903,0.27438077947077877,0.44558854292380723
2000,DC,4193.75546367395,13584954.391346717,2398443.6976373293,0.154804012669097,0.31
2000,DE,11512.665239220314,70565591.8695806,42165791.712935604,0.37943609913297205,0.61
2000,FL,6929.044483971432,58618359.351460546,18023284.61476131,0.1447218372425367,0.31108764415156503
2000,GA,6168.171311492698,28106316.291146304,5989720.703797674,0.19329076094470285,0.3772628786877916
2000,IA,7870.0122563496725,123706765.12362665,270058163.61246294,0.15692643294138,0.5735161859681496
2000,ID,4113.106320141758,29582525.22315415,9976472.450590665,0.191406155587463,0.4092929346109298
2000,IL,6344.3152816745405,81253173.189571,79193255.1120053,0.21524933051308875,0.47225772303698094
2000,IN,7862.955456290605,26948679.060950544,18495044.668907683,0.276105353155651,0.42313912421881084
2000,KS,6118.245651210866,21378114.734672174,2849487.8104031296,0.21417188744251373,0.5700335319384786
2000,KY,6132.215235001263,36641482.070745066,104506806.00760691,0.22220852745726313,0.3063457060328044
2000,LA,4447.032178719094,20619281.95061176,8651902.438524174,0.2854264381404737,0.38161754877936915
2000,MA,6183.2930259049845,35135226.052172795,36237839.63610665,0.26502244877855097,0.5603613467131612
2000,MD,8761.857368576488,48667436.22368575,7648881.937876548,0.2323676929628272,0.4386466165413534
2000,ME,9389.576535735378,35519172.52579739,14215451.249424094,0.2560100865809085,0.6605958640028041
2000,MI,9580.59552569403,91896702.1924985,149367799.2228588,0.3112981848480327,0.41160688045639204
2000,MN,6979.389100843042,42145496.355965726,4813669.260086987,0.24718994560487184,0.44563785963619024
2000,MO,5678.222430596572,24421539.0551388,58580120.57835202,0.22005882591791578,0.45383026254922093
2000,MS,5862.117412876548,50521315.308145285,7689439.092811574,0.1666625657359284,0.39936219728006583
2000,MT,6244.663183697576,23000583.826408736,3326424.1962847,0.2377799280866122,0.5005888876566486
2000,NC,6570.024871318875,46418219.04448567,9940455.791230693,0.13292511371866605,0.3989892983578933
2000,ND,6476.1262256349655,45611529.05865326,2703746.9111451553,0.187736322194896,0.6436220043572984
2000,NE,4472.163027909036,26229883.200044293,2375947.2911252207,0.2166462430764285,0.47504649683458033
2000,NH,13300.387920850557,78180736.70253985,11697045.31116361,0.33920796954599003,0.6799999999999999
2000,NJ,7037.813906526872,9629373.826561574,3492318.610831363,0.30063066785887127,0.5429634877572532
2000,NM,5995.927783520376,75110704.06404309,154372603.0224896,0.10696968108218166,0.22288352272727271
2000,NV,6279.8799763732995,46291258.85847606,4688592.397415828,0.1622515744490615,0.14486646884272994
2000,NY,7244.981393975188,40160742.813452445,42002679.79091848,0.23185844131882152,0.24261801245798584
2000,OH,8197.98544004725,48859247.34029961,98097550.17644039,0.30752105433806104,0.4529497857427678
2000,OK,3764.787557053105,16754014.096958058,4170935.4524734183,0.16554375932043075,0.37742210635192763
2000,OR,7973.175952451267,31648387.31061724,2845782.9903721195,0.22580531377371968,0.5018110530246452
2000,PA,9060.140597963931,52616924.85592055,83975229.65042908,0.35740302343987573,0.4936994000110089
2000,PR,2888.247452746603,161830267.63325453,26899180.361075006,0.45178067075801437,0.02617794122391045
2000,RI,10056.94819846426,69876950.33939749,14506030.785646776,0.27734317098085304,0.69
2000,SC,6929.508827525101,17757158.81532513,2396073.956969875,0.288856418671705,0.425975945125806
2000,SD,5246.8988629651485,12073514.841095682,1250469.6749999996,0.1992451294976615,0.5731330017987515
2000,TN,6443.866568222089,22119482.658668038,2550683.517705256,0.27069410648176495,0.23448403471426232
2000,TX,5307.161695215592,60193652.367229015,63529034.017457895,0.23317433084691874,0.31518719635901726
2000,UT,4722.545014766685,30399030.59379798,6650062.233490842,0.23679727064729522,0.15232101544425689
2000,VA,8079.095160956877,34575174.3007531,69612525.58925278,0.2099253108226197,0.43738850701127296
2000,VI,6613.22976963969,11943608.56107501,311448.17418783216,0.13930238063725198,0.16999999999999998
2000,VT,13815.198287064377,35918488.61393974,21456473.44252805,0.427662517234573,0.6265400202634246
2000,WA,8760.849254282335,130166194.73629646,104902809.08013879,0.24458180775453017,0.38715058084313586
2000,WI,8543.310409171452,50783134.49219512,10977045.561040107,0.2572108753552303,0.39589728133100255
2000,WV,3921.0845498270173,19119313.684908442,3120134.3047331176,0.25932916013653357,0.3848543324353111
2000,WY,6250.30862374483,32958912.370348483,7875649.631482572,0.136759940069408,0.37
2001,AK,6394.1736150770985,106140058.93089662,22333439.639862936,0.11245264949761902,0.33999999999999997
2001,AL,6003.92397201599,59385611.784323245,111176511.22221588,0.22938222377111048,0.4088961807584543
2001,AR,5030.213206739007,14259657.4633745,4019521.4987852927,0.18174174793003825,0.3015974976142508
2001,AZ,6296.7014563106795,221051873.96162194,30056539.28586611,0.176551527897913,0.29
2001,CA,5347.1158708011,102315717.81041354,101606165.92252737,0.16052236930481645,0.3233247614875553
2001,CO,7295.791083666476,73083657.58928327,15868971.313252429,0.2802460673470135,0.34066296410136837
2001,CT,7239.907045973729,35519874.21326385,102469664.21556252,0.27025777979803356,0.47950185493155945
2001,DC,4054.8418046830384,14288779.057795545,2620882.5777948317,0.22718291367487098,0.35
2001,DE,11547.201741861792,79826547.72952598,17976645.982495718,0.344243114734233,0.62
2001,FL,6014.032195888064,63133961.92294014,19890137.644932766,0.13852501206195206,0.3061146806998713
2001,GA,6260.126189116424,28610073.43529615,4645233.44654719,0.19479262050042184,0.3536008210436204
2001,IA,8015.243917761279,128739442.90836664,298023537.10613936,0.159338915168756,0.47464283058158563
2001,ID,3976.864077669903,34491383.73375215,11273832.625014277,0.1941252824015465,0.5109988695920256
2001,IL,6423.415262707025,87769243.01121502,83404762.2120467,0.21267455338577826,0.4098317776333668
2001,IN,7871.0160663294455,28424779.325634327,20321197.10208452,0.27694891694023144,0.392294117290572
2001,KS,5475.823425899485,23787542.30062821,1628397.5014634496,0.22129783959511226,0.45842890037066164
2001,KY,6414.1321999673655,41236190.51082647,99333024.99935953,0.22353893902997965,0.3899240817506989
2001,LA,6417.195610671452,28378178.722003754,8343826.518000429,0.2975827833411821,0.3290409433985345
2001,MA,5948.772264828261,37750527.07306029,33504672.884898424,0.24560647634981286,0.5074442016426796
2001,MD,8852.52976156482,52595431.676085085,7621206.651013707,0.22242602026958236,0.43243611945573424
2001,ME,9319.638006853227,36666872.64303255,15883047.982495718,0.257189053650028,0.6185108569080073
2001,MI,9450.106296402057,98583992.77918331,137064463.74371785,0.3118711165531713,0.40753565331756864
2001,MN,7104.53889335964,40507748.2907144,4456343.804410467,0.2582138544222462,0.5358774900911103
2001,MO,5760.171373500856,25875708.429925755,63807552.944545984,0.22233472075735353,0.42292758517725315
2001,MS,6325.293289548829,61779920.11607082,10010788.651644774,0.168889402401897,0.5604810315480216
2001,MT,6241.337270131354,26369661.143112507,3137040.578703598,0.24019314896427382,0.5015951835279566
2001,NC,6506.823581422861,50315728.04107856,11695546.2912397,0.12718110943061356,0.4010321506607013
2001,ND,6210.601049400342,49420861.587035984,10953562.504625928,0.18605516276906797,0.6082582675769128
2001,NE,4553.411896773272,25502582.479111936,2960920.8642490003,0.21596973496462574,0.49426857975563276
2001,NH,13392.674614505997,87162369.97898343,10967634.885094231,0.338149735398464,0.6699999999999999
2001,NJ,7294.653908480868,10216291.705757424,3266097.095945174,0.3085789493049602,0.4820851987286832
2001,NM,6326.10555753855,86425594.50113505,144537576.7201242,0.09973961562820644,0.2567963567551831
2001,NV,7576.835808109651,51906274.27195887,4265275.098058253,0.165874231269375,0.1735756924103667
2001,NY,7002.705680787448,45716605.11594803,42544579.55565391,0.22191263777920356,0.22853655557447938
2001,OH,8640.64104148279,54933474.786392204,104997337.99297285,0.30296340991240744,0.4419865682411056
2001,OK,3535.8025592518566,17085469.623251002,3985700.2537692743,0.16314334351536636,0.37051332753302224
2001,OR,7815.967504283267,32861424.83660765,2792912.8694888637,0.22419353598481132,0.46331444285031087
2001,PA,9195.217663016092,55630233.34050459,114036221.16166614,0.36545905196460426,0.4899480195502166
2001,PR,2792.57734865791,167680933.64614505,30708014.237707023,0.4619928559875974,0.03234541888847469
2001,RI,9987.647201599086,71697816.76070817,15593026.722044546,0.278682948861373,0.65
2001,SC,6860.85849644359,18754610.388622086,2268260.19258865,0.28507615585009793,0.46351398767188245
2001,SD,5251.799914334666,15001212.163620787,1495213.8180753854,0.199394394755321,0.6494366197183099
2001,TN,6618.7927898343805,24561580.626656193,3012802.6951027983,0.2703891759076902,0.23603105350955986
2001,TX,5367.5583091016915,64243607.155714594,61331107.75238079,0.23253607249703487,0.3050083483413202
2001,UT,4750.27316676185,35498265.67536835,7029527.817155911,0.24347800409404644,0.16329974094428054
2001,VA,7839.490785265562,37480889.93309537,77323255.01172473,0.20539950808240998,0.4354541415148526
2001,VI,7095.9731581953165,22219555.76881782,764167.4288121073,0.12273710151552901,0.24000000000000002
2001,VT,13784.512692747001,39881990.5003141,23515609.27358652,0.4131402061067134,0.5742581708321889
2001,WA,8719.534416047974,137004979.30108508,112593865.79610223,0.23920878415778365,0.36154340398306584
2001,WI,8726.770985410934,54553995.70529048,11320324.00919215,0.2508524024747081,0.40878275556162136
2001,WV,4185.3616668026425,20347222.35413641,3735295.763188382,0.24828842507700905,0.45681276376737007
2001,WY,6140.746002284409,31595093.408909194,12041949.6256996,0.1300510140985,0.4
2002,AK,6474.492424242428,132039965.88282835,16285953.568181828,0.109445092006852,0.32
2002,AL,6307.20277777778,67675957.75325482,114977860.01007302,0.22844381559102744,0.38243821807130685
2002,AR,5427.655113636368,18810482.354608595,19138400.86979168,0.19942177781978013,0.2872540400775695
2002,AZ,6562.606818181822,237565728.94659105,53381676.03724751,0.19105779233527348,0.2980022089491506
2002,CA,5242.109882920113,99338839.10384534,104435630.9372475,0.17405454596528497,0.31402980590108764
2002,CO,7619.596439393943,73430220.0916162,29030289.288787894,0.29595080017623626,0.313399953189714
2002,CT,7391.392929292933,50135465.7818182,128100453.37834603,0.2664668820692572,0.5064556275722699
2002,DC,3984.3030303030323,17688863.698737383,3159876.6661616177,0.155980427769535,0.33999999999999997
2002,DE,11895.443181818187,77717457.34343438,13388596.498989906,0.36263614209621997,0.44
2002,FL,6347.8932851239715,75362124.76561071,17387444.092837475,0.18281460789573983,0.2571983930160936
2002,GA,6580.302669552673,35374116.896500744,8265717.9456710005,0.18355101022626785,0.28420799111888834
2002,IA,8466.643939393944,169724405.51969704,348150099.35311466,0.18642772587297732,0.5720168494444041
2002,ID,3907.6818181818203,43516085.19949497,11737354.465909097,0.1763879783125055,0.42551511260371394
2002,IL,6431.792061237376,95644326.9593435,172086366.1226011,0.22796825865756964,0.4002754018849019
2002,IN,8069.217009379513,33896189.126334794,26237073.65490622,0.2903497725689799,0.4128617401739816
2002,KS,6299.54065656566,32786897.31843436,16761742.88175506,0.22665387760883027,0.4757377419597801
2002,KY,6841.54451659452,53401071.87615443,99700150.05335502,0.24053338200880428,0.39938800634484717
2002,LA,6364.942334054838,33056699.57918472,9098382.549567105,0.31472923174935363,0.3503528336160333
2002,MA,5979.373448773453,43185713.14083696,37952337.860497855,0.27200502372828816,0.4927877368405248
2002,MD,9099.72670454546,71730628.07302192,14350692.664520212,0.2314208419070065,0.41259265015715124
2002,ME,9768.885290404047,44425202.266414165,27878186.181313146,0.26057891735478456,0.6419312502125055
2002,MI,10160.753128507298,121448371.53667235,247434651.38815948,0.35456663802513266,0.4393538030304114
2002,MN,7433.998966942154,46810168.09802573,18015170.919168975,0.2731631555635015,0.527021850064453
2002,MO,5907.778110967398,28889665.21467454,73757896.72143663,0.2648014186633997,0.4834702304672403
2002,MS,7147.609772727277,77352176.69702025,16856490.597506322,0.2210975061327448,0.5094467763786172
2002,MT,6992.32411616162,27647764.487121224,10296685.912828289,0.2761614504768794,0.4987756935460687
2002,NC,7176.169417388171,60129844.92788605,6858550.503409094,0.16559607820804464,0.434275444015444
2002,ND,6453.740845959599,61557941.54545458,33540483.54090911,0.21586029621345654,0.6168036889607063
2002,NE,4870.555050505053,33476596.45498739,40829976.64318184,0.23441765249643676,0.512860026545736
2002,NH,13676.886363636371,95164270.80202025,40332033.26388891,0.344958277920328,0.69
2002,NJ,7805.785984848489,12753967.422001269,3981824.1744633857,0.3187725598911993,0.49630876300732757
2002,NM,6755.596496212125,105102977.7506945,151528955.88819453,0.11363447379360717,0.26130944118451216
2002,NV,7690.854166666671,66279606.25656569,38828105.72727275,0.19089260036049502,0.18639733186631827
2002,NY,6880.885323826504,42805477.44664705,45933438.256355256,0.22091105007726217,0.2741792093682237
2002,OH,9045.830647382925,64233747.91542704,126686225.3950414,0.3152540229634439,0.4660817298064325
2002,OK,3909.650557659935,21447936.97331651,7256980.806439399,0.19252803378194647,0.37355292299768217
2002,OR,8000.53156565657,40162062.939183526,13872434.551641421,0.2934120075155106,0.47625905919423817
2002,PA,9600.637878787882,59941617.82694596,120374631.37501493,0.3700308828616555,0.5119485501874154
2002,PR,2432.723484848486,175061841.71010113,38530188.407323256,0.48650274108376385,0.03
2002,RI,10176.573989898996,67811294.93535358,16184775.257575767,0.291327846044954,0.65
2002,SC,6984.720041322318,19893122.464807175,6437729.218388433,0.32577575953499505,0.44836516047362496
2002,SD,5330.920833333336,14598925.597979806,10081660.101893947,0.229933847145162,0.6883079406719806
2002,TN,7479.7201599326645,29401109.81910776,10960609.269234013,0.2699758782109007,0.227643420538852
2002,TX,5321.502809343437,77032079.643245,92348113.12057132,0.24560905619943438,0.2876486665306299
2002,UT,5059.298636363639,41501116.1427778,11468841.557727281,0.27765102217963017,0.15602803607438942
2002,VA,7965.413510101015,47207422.04487377,82992324.77972226,0.20432810328567425,0.3778528846361536
2002,VI,6972.530303030307,15472514.685858594,402320.1065656568,0.11926216597365501,0.0
2002,VT,14132.782575757583,57481422.33232326,13020256.622979805,0.404321984686847,0.5848811188811189
2002,WA,9039.387500000004,152714346.59175092,143473029.84663308,0.25339418039537487,0.3597914034499652
2002,WI,9514.729247015617,51521355.43884301,35856637.603305794,0.290448378044437,0.42158503842236833
2002,WV,4256.85562770563,24181074.778282844,4471181.941702744,0.2456691815685656,0.4491187389816448
2002,WY,6451.506060606064,39056087.03585861,27592902.422222238,0.15338479746891198,0.39
2003,AK,6542.025123558486,147268311.09983528,19081596.428500827,0.11370425401177699,0.29
2003,AL,6708.509006040639,70804851.66570568,117522133.72690831,0.2636163273621206,0.397891096188522
2003,AR,6028.644856878091,18562935.366659805,17872844.816577435,0.20985588746150907,0.3699360241233879
2003,AZ,6890.68319604613,275894762.32981884,34064143.616144985,0.198108275488596,0.29778568576974435
2003,CA,5730.960560506217,109261889.69241801,110308745.72283591,0.18878196383492316,0.30218227575049433
2003,CO,8001.827730642505,83621957.65670513,34961745.57857497,0.3102583777863406,0.33000171861257416
2003,CT,7584.71895593081,46561151.1434926,139424477.6497735,0.29443781307473876,0.5468946479141381
2003,DC,3898.971993410215,18434415.81474465,3840668.6157331145,0.15972835555623802,0.14
2003,DE,12290.509472817137,93119428.04481056,17053123.757495884,0.374213211856057,0.45
2003,FL,6962.9936760521205,87848206.8371799,15860798.4680021,0.1870894558137849,0.2782173604412005
2003,GA,6755.272469992941,41572149.584008016,8573004.098034834,0.2251686901141878,0.31354664343311317
2003,IA,9746.180313014831,161082763.76836905,309379976.9202637,0.21095213497231002,0.6049116068803294
2003,ID,4048.9324546952234,52845696.65436575,12066821.575576609,0.20673892117083098,0.46754546338617137
2003,IL,7029.70904036244,109720267.92689459,195100211.8837933,0.25319506456941276,0.4247054176393555
2003,IN,8403.587873617324,40306295.21535069,24409769.811626274,0.3258559378849698,0.4271870984706776
2003,KS,6728.382238467877,38801523.30420099,5714980.370448931,0.24838843822986373,0.5367956261645582
2003,KY,7353.596858084257,59310145.26753354,100132157.81194401,0.25552235972280557,0.40021313865313546
2003,LA,6272.542604142152,35744232.071028486,10629442.96687456,0.3162499187271795,0.4107241549180135
2003,MA,6007.523193692636,48658074.33819723,50088081.943916224,0.3122175466877942,0.5058598139449203
2003,MD,9490.310275947284,61764462.62421748,18393914.618327845,0.2551707507182252,0.40055664378545025
2003,ME,9844.279448105439,48155758.83274301,32207702.46214992,0.278749092037585,0.6233803348860633
2003,MI,10943.57294069193,125162510.9246019,255557942.68797377,0.37748359040737917,0.42005399151561895
2003,MN,7849.862116219862,46724063.98519546,18153407.519290105,0.31207536239701444,0.5608040024576494
2003,MO,6484.956836902802,34101378.93753433,66476876.67251512,0.29423609346958124,0.5223400467802364
2003,MS,7578.251911037894,78831899.10800661,13232349.146490943,0.22951747507535658,0.503964698934844
2003,MT,7793.32020593081,34579496.98759474,13497695.68497529,0.3083118325533332,0.5589270431799697
2003,NC,8144.772184631679,61779661.11696871,5594769.16366204,0.20784167183767518,0.4377182341077165
2003,ND,6716.666577429985,75390662.42767712,30544140.453459643,0.22081905439301652,0.6282144829218269
2003,NE,5076.630240939046,35847547.15230644,21701445.364188638,0.220464452479653,0.49743375640169224
2003,NH,13983.813014827021,99486499.29686987,34497150.699093916,0.363630631402618,0.6900000000000001
2003,NJ,8421.139049629326,13306990.99760091,6533727.62378501,0.31503095107007806,0.5541701069466567
2003,NM,6949.573918863263,113899728.4664333,146939624.63661456,0.12745611009441996,0.26145636520448484
2003,NV,7976.022034596377,75074125.88599673,40097511.60271829,0.2011835286870235,0.19627086374309832
2003,NY,6585.069330038441,47383672.47119716,39004492.15035695,0.22534219815354442,0.2294377670697336
2003,OH,10105.801404073689,71831511.06411564,143037801.8607534,0.34008927913851783,0.49161883373515197
2003,OK,4030.2394666392097,21280311.713179577,7815718.883607909,0.21779352536948068,0.3769333462436911
2003,OR,8150.975906095554,40254358.99818782,9421204.329818783,0.3232756359535055,0.5189029562982005
2003,PA,10252.370379881773,64545780.91689118,121080133.69321643,0.39671171452117693,0.5102070672968715
2003,PR,2324.3871499176284,142564318.85881388,45655852.33542011,0.4213779053264615,0.03386081951666176
2003,RI,10745.91672158155,77845240.25140035,17769458.637973644,0.29393879385522,0.6699999999999999
2003,SC,7972.784251909542,22782342.618129402,6825928.1103414735,0.35154630307243184,0.36799703885382706
2003,SD,5431.69287479407,18107639.47289951,10116535.78974465,0.24095273863459601,0.672222536806342
2003,TN,7869.591762767712,32016523.70185338,11794020.58587315,0.2819956312683503,0.33053166214857915
2003,TX,5577.6960461285025,86508162.68761328,95870825.16096584,0.2562170036434916,0.3338008955010219
2003,UT,5370.459019769359,47454028.72655685,11218284.676606264,0.30325255283309,0.17526423829489865
2003,VA,8585.298892092258,56682153.00570842,83378675.92559311,0.23761200519451933,0.38277214782852226
2003,VI,6823.200988467876,16669906.0470346,227623.73451400336,0.13327336133800802,0.09
2003,VT,14391.830436573313,66637315.34332786,16679720.334390448,0.406352402988014,0.613875025778511
2003,WA,9962.581589785834,175386768.4028419,176466572.03414336,0.2764358091717177,0.363966299662491
2003,WI,10625.777942938448,59977840.845671706,36034260.08249214,0.30338849317757866,0.4510628332128021
2003,WV,4809.446222640623,29087927.078606743,4954950.024151272,0.2724312697486668,0.44198080606212004
2003,WY,6538.27611202636,55053824.45733115,29059553.131136745,0.14647329287042998,0.4
2004,AK,7025.045271359487,165863634.85953796,19039489.24062333,0.12081951643465402,0.28
2004,AL,7527.756179473405,73459185.245352,128298295.16857202,0.2887326279403786,0.41593768171439105
2004,AR,6348.525463460508,19768531.350110836,19523406.79395823,0.21752437498644853,0.41469451383644146
2004,AZ,9575.216187533588,295432185.62321347,41793211.01558304,0.21998493180211548,0.27871582895327646
2004,CA,5857.678285745693,116917492.28956336,118987012.37626892,0.22660681363818844,0.30112713201297153
2004,CO,8458.362384470718,88075917.40703121,37490134.78448416,0.3257952124554688,0.34463993643657226
2004,CT,8400.401175443314,50152105.72903011,160025151.22187674,0.30266207118317345,0.5216422099079601
2004,DC,3815.1681891456224,18968291.10991403,1918525.8012896301,0.112092815252949,0.36000000000000004
2004,DE,13029.043927995706,101091577.798388,5660360.832912415,0.367081263455695,0.46
2004,FL,7603.71246275219,96660289.07181382,15821999.608363055,0.19826539635652995,0.30065922204427287
2004,GA,7375.1183964074635,45303307.420906596,9430411.077134034,0.2506300043067125,0.30921040566470265
2004,IA,10728.93772165503,170182822.63557234,332248851.3077379,0.22509749841486767,0.5627885163592224
2004,ID,4277.390488984419,54798127.67321335,9317417.813850084,0.208264898365904,0.5036864849463387
2004,IL,7609.090049032781,111025665.580575,340175887.5281302,0.2698363919447485,0.43128861774199273
2004,IN,9472.194418323486,43290406.167471424,24841270.969039313,0.33581299072891385,0.4599962366223686
2004,KS,7513.710844304141,40543329.51234553,20962419.298972335,0.28918676877835775,0.5560615270570793
2004,KY,7897.957150533511,64645763.11536043,131264152.82886703,0.2736019076763116,0.40284125311893537
2004,LA,6257.207735856302,39156144.228598304,13292877.481998932,0.3429463072089186,0.37644253341080763
2004,MA,5340.187341674985,51761201.56318418,60401022.011215195,0.36183533443113786,0.5145308070088462
2004,MD,10841.538171681897,63641471.3020285,13944917.034954332,0.28097756060348766,0.40194656164592846
2004,ME,10568.138164965076,51521129.921292335,32740946.779473413,0.29739137727240694,0.6523669574010871
2004,MI,11687.349274583561,129064261.61504573,272091418.565798,0.405739307078848,0.49043081330574567
2004,MN,8243.07551169948,49899695.835755475,27866237.12867228,0.35632163076726153,0.5775831943981327
2004,MO,7075.384296077381,33783786.04793123,77679740.733611,0.3070166175646205,0.5105127116552303
2004,MS,7474.550343901132,79131978.39075768,12344145.423804412,0.22928164955789518,0.5187717148733207
2004,MT,8271.822670607206,36089471.47579797,10460186.513680821,0.3171113553777186,0.5530954293096826
2004,NC,8368.433420012287,67274390.06553699,5676181.028732634,0.21598341834494458,0.5013702061915213
2004,ND,7645.927209833426,83012674.53917253,32826437.72857336,0.27288391794843253,0.63
2004,NE,5686.2208254970465,40883104.78398041,15951399.786149926,0.2435252297032685,0.483218377924079
2004,NH,14612.583288554546,112591042.53949495,35707417.35403011,0.36321478422600895,0.7000000000000001
2004,NJ,8993.23490227029,13932734.9909726,3535441.3108980404,0.3665134406372803,0.5138986245786674
2004,NM,7075.486196937133,113525855.65355323,159737578.02837864,0.12131015441804857,0.2755658552467776
2004,NV,8453.899126813545,79652142.33465882,34635668.74372651,0.19736001499444203,0.19261052503201415
2004,NY,8321.563876947883,48955774.14660132,45109103.71426655,0.2575678736693357,0.24827684449771825
2004,OH,10738.553457329886,77131559.53739683,163178193.4423209,0.35640091248609,0.51132108449592
2004,OK,4807.12210840946,22852878.54646024,9529008.93697609,0.25526425467490677,0.4133438145297541
2004,OR,9039.319566093502,41300386.05334499,9005963.542463733,0.3471910120072395,0.5396305132567114
2004,PA,10647.944520656198,70080640.03784813,128611230.6928344,0.4167659770951226,0.7044883107070246
2004,PR,2627.513668726492,145806390.80956483,46326168.860827535,0.40967569206048104,0.03229230488996341
2004,RI,11252.300537345518,69209381.35711986,17603776.642101027,0.321609646619138,0.56
2004,SC,9122.33171193396,23614434.390230093,7250979.042396564,0.4071402496218454,0.39772727938484076
2004,SD,5893.945728103173,20647660.8922085,10536869.682348203,0.2541793692232245,0.7113427561837455
2004,TN,8777.536257388505,33212465.9023509,13036844.031206347,0.30949793533074665,0.439695165836982
2004,TX,5749.705061123054,91560239.86631183,95604204.83305015,0.2877467286221849,0.40956827304180526
2004,UT,5818.253769478777,51620254.960865155,10810744.465550784,0.32401177425893285,0.20430519988854537
2004,VA,9752.340261955944,59512726.776472345,93663652.72275124,0.25869226897433045,0.3842141319240556
2004,VI,7254.322205803334,18291886.246184856,574148.5737775392,0.127105570273667,0.16
2004,VT,15237.439360558845,70430608.13479315,13451054.110558845,0.43201232619855445,0.6276332288401253
2004,WA,10184.481427995706,188584476.89548635,174464625.8393875,0.2830195778405938,0.3708612788686231
2004,WI,11237.626813541112,63434835.38611941,37901595.726859964,0.3393107566093696,0.4823311181690955
2004,WV,5639.077120595687,29332602.691563692,5102838.461641208,0.2958252379836133,0.5330082054518916
2004,WY,6658.202176249331,52744377.39301453,29599165.558194533,0.143149064203959,0.43
2005,AK,7870.401408450706,167061817.4272301,17753031.78755869,0.128438984157558,0.31
2005,AL,8123.910902451749,73948579.71927492,116740670.23408976,0.2980966484578784,0.41779625163937895
2005,AR,6645.102772887326,20999771.94791667,23219709.32910799,0.2344582802931506,0.39897491414066005
2005,AZ,10024.07799295775,309375621.77746487,42319659.93449238,0.22552027614127151,0.2726502059745576
2005,CA,7057.13738796415,116283676.17429584,122183983.96559969,0.2470748868566629,0.29820278979807935
2005,CO,7796.74252347418,90037815.07255872,38893431.515845075,0.3361221297998911,0.3351774359167601
2005,CT,9053.0390258216,53140074.831572786,213100572.11220664,0.31750916724383343,0.545255982965329
2005,DC,3703.718309859156,17359721.83192489,4088604.680516433,0.162387988475097,0.07999999999999999
2005,DE,13232.483333333337,97499377.85539909,12182790.209859159,0.371569191533708,0.44
2005,FL,8361.586545027743,106512202.29199748,32359058.58911653,0.19585418564602436,0.24716920022761404
2005,GA,7549.12419517103,41468398.087642536,7567113.768896715,0.25985981090826094,0.3218360286762254
2005,IA,11056.548826291082,172320594.10140848,343207136.567684,0.22913299580338134,0.5661118377404986
2005,ID,4481.261737089204,55004970.00657278,12364763.861971835,0.212969612976607,0.42900391269504545
2005,IL,8934.033333333335,116614845.12632045,213601725.7089496,0.2951018139263848,0.44435478636337983
2005,IN,9856.825603621734,43148264.04292422,26629840.468410466,0.35492719048432514,0.46503719710925323
2005,KS,7997.271566901411,41532696.43509391,21474718.769894373,0.290480958501279,0.5935756468645214
2005,KY,8910.63071763917,71428234.47565395,141915329.3694836,0.29819436207986144,0.42250309870896263
2005,LA,6252.9923708920205,39853848.663179085,10756920.219617711,0.3549428498486459,0.4179975726752586
2005,MA,6794.559423205904,52073907.02977868,99249412.56861171,0.3568240915741662,0.5262773217744168
2005,MD,11499.234174491396,69570397.422144,14128523.389632246,0.286644248937584,0.4136597535725196
2005,ME,10941.994718309863,49051456.49953053,31137761.091666676,0.311317135634877,0.6712672774786688
2005,MI,11799.139071465836,130913145.93116853,283637086.30206066,0.40742649837233835,0.5054293593524104
2005,MN,8758.290172855317,48799633.22377296,34118924.37426377,0.4036445425730323,0.6110776251320973
2005,MO,7595.06266301513,37387319.41134587,85172977.55086073,0.3047246880325296,0.49857437488951306
2005,MS,7745.9944600939,80058214.10685448,13795086.216807514,0.23998571823161202,0.5567151488028642
2005,MT,9222.852136150239,36153581.56079813,11238507.046244135,0.3316773374849508,0.5413824271300449
2005,NC,8526.098608316568,67874922.31789072,6901054.552179746,0.2255226884529357,0.48216386848059883
2005,ND,8701.9573943662,81206868.20938969,23024462.239084512,0.29855781769608647,0.64
2005,NE,6091.993397887325,42579329.24260565,17907773.01983569,0.25201236529804577,0.45613318920149065
2005,NH,15105.710093896718,109117856.72300473,40019927.53004696,0.3693786427586401,0.6599999999999999
2005,NJ,8988.565243544603,13822973.553755872,4031195.711238264,0.37169579805083064,0.5555728842749844
2005,NM,7261.276261737092,126917928.70082164,162463895.38914326,0.11765031427344194,0.2634081525411005
2005,NV,8531.610093896716,86824753.6122066,37828188.710915506,0.2161705708401045,0.20539858346206535
2005,NY,8006.586919666148,48706879.58930622,44056583.1426578,0.2562120292188529,0.25077910218876337
2005,OH,11810.83609688434,77822828.16532224,185873567.34579605,0.3756358310156264,0.5129962712974406
2005,OK,5072.82785602504,22916820.05690533,8056656.495618156,0.2748402009674807,0.43628181217927176
2005,OR,9772.118309859157,41571744.34945228,9675006.49921753,0.3617758511792295,0.5556022617057719
2005,PA,10722.837103010224,71369900.89232258,134994157.72535217,0.42411249889098057,0.6804639416145485
2005,PR,2550.757922535212,141442922.47323948,41550049.89859156,0.09193640049374509,0.04253877744968266
2005,RI,12432.385211267609,62648680.11267608,17587759.293427236,0.34761110709059,0.59
2005,SC,9856.887270593259,22967332.330196336,8022771.976377776,0.427729633974133,0.43366558235937586
2005,SD,5881.433450704227,20843888.58744132,11005490.339084512,0.243978405021477,0.7136266574823489
2005,TN,9118.823552425667,38220112.54205792,11587043.954147108,0.3172853209484575,0.41666515764417256
2005,TX,6490.088707942098,101284767.11095463,110369282.10373633,0.3099946363337375,0.4040643507902837
2005,UT,6241.24018779343,46366846.909530535,9973304.288450707,0.33996651135261613,0.2045862874951305
2005,VA,9972.855093896718,62468630.25732396,102125764.80868547,0.2633541931721006,0.39257603940967245
2005,VI,7122.535211267607,16350381.431690145,671316.7500000002,0.154443087359599,0.3
2005,VT,15631.590610328643,69700132.42253523,13470951.154107984,0.44053439783618803,0.6156742599000384
2005,WA,10697.256494522695,192371095.37989053,186415193.44937408,0.2996010278175792,0.4010302284031098
2005,WI,11560.630068288521,65658537.44566798,39796749.1483995,0.3698273230202506,0.5019445648188273
2005,WV,5997.683400402418,29761813.205097258,8243574.939537226,0.3115433153932813,0.48126115520449625
2005,WY,5341.901408450706,53913313.279812224,32257615.34178405,0.143257691203977,0.43000000000000005
2006,AK,8336.426381909549,165164582.02974877,17538945.713592965,0.13443211549357198,0.33999999999999997
2006,AL,8143.421783919598,72729998.13437186,120884420.43613066,0.2864971234642833,0.41432345600705983
2006,AR,6770.201692839197,20462501.14244661,24283081.350876257,0.2266828624999701,0.41030616302186884
2006,AZ,10658.67574748744,297695053.1433166,62922866.042713575,0.2313776471235125,0.26
2006,CA,6927.373841936961,113473055.10660233,126142817.04938444,0.2559833397552327,0.2931764162847646
2006,CO,9495.921516331658,86934666.3851985,52015696.633899495,0.4882158736297543,0.3692422170456368
2006,CT,9042.278121859297,49207706.74543342,163628543.43768844,0.2914310343833175,0.5840881323357815
2006,DC,3567.8532663316587,18302318.79557789,3639195.4656030154,0.133695670497216,0.67
2006,DE,13370.301407035176,99135876.8478392,12214870.423417086,0.363610517879942,0.39999999999999997
2006,FL,8330.136896984926,97322442.96620148,31556934.327745546,0.20139051195712163,0.25917202309619786
2006,GA,7715.891096554202,39949545.36164214,6733649.656905959,0.26039509662992494,0.346368330324763
2006,IA,11135.81894472362,167127056.8480402,396511771.4127889,0.22564757190952667,0.5676450236420252
2006,ID,4708.537123115579,49354018.175577894,14086715.479258796,0.21892336579893248,0.4330475064996454
2006,IL,9499.123435929649,111513590.46958229,244470430.3403612,0.3112586013543601,0.4566592457056986
2006,IN,10000.281030150756,45827524.07202082,27212279.632090814,0.36723639753618537,0.48415921324929695
2006,KS,8287.825816582916,41635363.29964824,20557856.16633166,0.30559019631323725,0.5619669973678882
2006,KY,9675.024809763101,77929649.27941851,152604495.1746052,0.29957882282167375,0.4419375347604663
2006,LA,6158.222557430008,39760372.602846384,10430726.84386217,0.3379434229717673,0.29133779724655817
2006,MA,6721.662388729362,52674154.44212133,87477601.33576454,0.35454884293753375,0.5684815510633501
2006,MD,11952.594327889448,65548588.58302764,15433086.648618093,0.29296125242174204,0.37391157153497195
2006,ME,11398.26199748744,47094688.81718594,26035716.224170856,0.32767633744992003,0.6494942613392254
2006,MI,12716.703216080401,129481405.31241205,293921997.87123114,0.428726711374692,0.5296243487101283
2006,MN,8617.893827089998,47810256.51186387,27164513.474239383,0.3816702659703506,0.6074655281887017
2006,MO,7475.656369346734,37045472.54487438,85607629.95650755,0.313375148113478,0.5203298731257209
2006,MS,7815.542675879398,82119799.34430154,14151035.525788944,0.23814716646039996,0.4845522003946127
2006,MT,8675.601150753768,34673021.95911558,11036489.223663319,0.3223530848081436,0.5316752059821367
2006,NC,8361.380117552048,67627382.30628501,8453709.511200646,0.2221707083614351,0.4981160275719829
2006,ND,9180.646790201006,77503666.87628141,23844364.762386937,0.2946470993856625,0.6276062455975582
2006,NE,5838.214381281408,40001199.30853643,17119165.763611812,0.23978028432533274,0.5145807077072225
2006,NH,15517.87462311558,114806400.70070353,39622498.271683425,0.37481041180981,0.67
2006,NJ,9774.145458542713,13865255.853806533,4388431.21490578,0.39145961673813756,0.5474396403837601
2006,NM,6656.562135678392,122819774.55071609,182292673.71601132,0.11648549123223864,0.2668292226855401
2006,NV,8912.200138190956,94209879.06814072,37180855.042010054,0.21422241060601302,0.2163088818511227
2006,NY,7963.3773366834175,46714604.06188443,48368892.59414574,0.23834098058995032,0.2355728656514313
2006,OH,12059.43760278666,74819488.11311102,198602632.6858863,0.3825751834846392,0.5214797882325645
2006,OK,5379.70140075377,21045153.736978643,9172214.020345477,0.27543263223078435,0.40033062424347227
2006,OR,9700.101067839198,43165555.148404524,10470685.711356783,0.34675800472276136,0.5573699185327711
2006,PA,10650.687765297076,68690208.08624446,136274925.85172334,0.42307617301079214,0.6760747417952112
2006,PR,2625.574070351759,128045366.22708544,55827210.3782789,0.11079732761813041,0.04260381097291273
2006,RI,13241.081080402011,61779995.732261315,17683855.446256284,0.36241869719161296,0.63
2006,SC,9994.927171082685,22787040.59525126,7737243.162738695,0.4300699901536367,0.4525303875202936
2006,SD,5653.675175879398,20038559.125816584,10121490.268304022,0.2477157917730305,0.678234486310188
2006,TN,9680.660841708544,39425039.892474875,11560388.337474875,0.3204246913928626,0.4056942029197294
2006,TX,6516.816578115722,96144305.40428708,107706510.78348619,0.30814073346939896,0.42510436740818314
2006,UT,6539.806424623117,44663326.72263317,10231075.39477387,0.32907774973705883,0.21302070061512748
2006,VA,10236.365423366837,57746254.93091458,104866711.88219097,0.2642601889173286,0.41726174256362314
2006,VI,7547.381909547739,17127539.069246233,302460.1864824121,0.151098143204207,0.22
2006,VT,15840.925439698494,67217215.42560302,15998538.216595478,0.46412848096998305,0.6212322715647524
2006,WA,10910.255144472361,189079188.5221357,189749390.50858042,0.2990871017332652,0.39403907276855066
2006,WI,11375.806976930106,64741997.46998401,40915713.05352444,0.37711382500557367,0.5162233452483669
2006,WV,6162.715046661882,27308360.66265614,7117597.063524768,0.2994887671093667,0.5120505112360593
2006,WY,5447.837487437187,51467930.06834172,28760675.5917588,0.13687088443569,0.43
2007,AK,8929.232431002561,158919593.8065427,29106471.806939438,0.133757504873871,0.35
2007,AL,8214.547022112496,74178479.07704596,125189834.72344695,0.2655714875890405,0.4165529627792893
2007,AR,6971.225104157485,21346665.33082401,21365740.556884322,0.23330689962217022,0.41259154084944266
2007,AZ,11073.75314125739,291897268.1077508,68125807.35825768,0.236691840548297,0.24
2007,CA,6884.356117385836,113771043.0985724,128124002.98690997,0.246293430986836,0.2918711526890679
2007,CO,9492.911129970907,86563441.85552424,54636400.986950025,0.47969319110461217,0.36027820987828907
2007,CT,9282.890232342832,48977558.90463806,151393333.57844332,0.31918257324918925,0.5337097028543107
2007,DC,3879.366898862536,17314914.280486736,4310632.103870912,0.382234473393864,0.32
2007,DE,13750.572039502696,104529657.02495375,10431779.231328811,0.37062062512813004,0.52
2007,FL,8343.881772490804,100864372.09659646,28428180.21266364,0.196714854336875,0.2591874746326812
2007,GA,7897.9594344792,38213045.609986536,8510832.698021248,0.2745334653518994,0.32333349194264693
2007,IA,11370.186564970762,166358369.01595986,372369295.13608456,0.22938491046568002,0.5543749157113959
2007,ID,6478.9886253416835,48306520.956264906,8556290.385988893,0.218103268027044,0.4353822413356944
2007,IL,10143.973125716433,106858327.9654848,223000374.01240534,0.32822057187148146,0.45498624136186255
2007,IN,10291.5495137743,47065275.23569667,26731625.392050978,0.3685349890687946,0.49144453100102686
2007,KS,8349.138882153253,40227977.66946259,20168139.585133597,0.30214371309461374,0.4500483769895977
2007,KY,10513.307248038096,77423974.90691175,166214260.56851253,0.31374309739591844,0.43771465209028376
2007,LA,5892.863425371915,36707416.496592656,9298418.210538253,0.3103811805480195,0.3301311471206605
2007,MA,6737.05570496429,50246378.62685329,98684099.42128439,0.3533771116592135,0.5816561463257098
2007,MD,12138.628207389125,66159012.00199133,17129981.813405644,0.2833026188285695,0.39407914306244884
2007,ME,11927.938453399176,46776646.91451374,29651575.24997797,0.34832085558538706,0.6107663631363442
2007,MI,13296.616749453806,128683304.69660237,288038536.54241264,0.44846660276358424,0.46310546002323416
2007,MN,8947.676651890572,48926623.16181836,19727234.0317713,0.3804522369407976,0.5874614058682023
2007,MO,7719.4075208927325,35629839.299615964,85291335.79073963,0.31857209620852406,0.5562645091528473
2007,MS,8158.486950004412,93230394.50224851,14898701.21766159,0.2254114091686478,0.46150896788744494
2007,MT,8882.969865973024,33742717.67965789,11688662.447359147,0.32405297263777544,0.49839973828299866
2007,NC,8484.2438859637,67238526.55557589,11770159.935553055,0.22119373492862232,0.5084343477489437
2007,ND,9778.401320430301,77729456.57702146,24963192.02385152,0.308682733686327,0.6412526087812562
2007,NE,6089.101104399968,38995278.460122585,19248756.663047798,0.247105400567399,0.5155632909608501
2007,NH,16125.012124151317,104253954.43258977,36773376.08522178,0.379952635291159,0.6699999999999999
2007,NJ,10447.954407680103,15338405.41125673,7212839.85007385,0.4226265376597528,0.5451041484889346
2007,NM,6957.638959306942,119337182.92043257,193602254.49547005,0.11683516660425747,0.26483286627470376
2007,NV,9178.381425800198,90512902.44863772,31816937.524468757,0.216397834642886,0.20750299914310197
2007,NY,7877.765457680593,46914415.28489307,58902334.60923496,0.22220842078564954,0.23457077608726998
2007,OH,12421.1693493439,74214945.95915066,214404014.60795915,0.393674176987086,0.5422730744715037
2007,OK,5656.759783822711,21369277.04200101,10816377.584795585,0.256578449357184,0.35823608246221256
2007,OR,9800.41784234195,39878477.460688375,12496090.872461282,0.31138860609592234,0.47515213815789475
2007,PA,10663.79992945949,68029388.17268944,140329982.90772167,0.41578538700959067,0.6940716428564538
2007,PR,2726.7044352349894,131207487.97196022,38570069.19209066,0.10278861539886319,0.027461493751816335
2007,RI,13941.196102636459,67901994.64244778,21018987.304029636,0.37245473426702397,0.48
2007,SC,10384.451056504562,21754844.629141256,10245631.844093438,0.4347964332465709,0.4405698136266422
2007,SD,5546.212690679837,24988169.349925064,10997839.616325725,0.24352387261285852,0.6993405285969235
2007,TN,9030.304059018903,42175038.140081726,13282919.004680665,0.316458399351879,0.41896468940682197
2007,TX,6771.659732019519,90842938.37990111,121166243.42655158,0.3187281110772895,0.39779531314562305
2007,UT,7067.693699850104,42580336.85477473,11187722.252182353,0.33138602156346797,0.2051262023284363
2007,VA,10791.049852305798,56336287.83713961,106850180.8212239,0.2582272968693012,0.38317926705256566
2007,VI,7357.419980601361,15890098.62225554,320449.0829732829,0.143675963016958,0.17
2007,VT,16284.42289039768,65761966.41742354,12269143.264041977,0.47037065443345255,0.6247264720570209
2007,WA,11172.409454633635,184170473.02820894,207503828.94067994,0.30191464450597416,0.37557643096897125
2007,WI,10082.502945868175,61691434.89787661,42113015.934160866,0.3810943037720529,0.5132539835828103
2007,WV,6393.1520589013335,26975229.647234447,6585585.059990934,0.30736990031836126,0.5318179815301007
2007,WY,5431.11365840755,51978740.81033421,28499261.7064192,0.12014840222460901,0.37
2008,AK,9206.782293034545,149341708.5223332,24955337.59496839,0.136085835055297,0.33999999999999997
2008,AL,8136.270654032552,79282972.59168546,167225501.94414786,0.2740336707376526,0.4073455870826148
2008,AR,6985.975262397141,20002062.519877583,22308940.06578527,0.2347251151568756,0.42404087287842046
2008,AZ,11436.188770063574,292360216.1647031,71329720.49153997,0.238119120385494,0.2727669474129458
2008,CA,6770.30505573443,112140284.04855537,187736405.71176907,0.26331286346229077,0.3069733735060538
2008,CO,9838.519123579368,83824743.72429402,58727090.98867746,0.4763766945792103,0.3611907545810844
2008,CT,9420.021690276895,46946100.15975875,152924903.27124915,0.300789709326133,0.5483660057419703
2008,DC,4127.7342679804615,25531603.696564026,3785714.936231116,0.164014725920776,0.12999999999999998
2008,DE,13936.477808428823,101133025.01291907,6768680.15125034,0.379892251478695,0.48000000000000004
2008,FL,7414.970372161208,105786531.97402906,21800390.097143404,0.20236129045196505,0.27416450181847246
2008,GA,8171.316810557154,39369862.313784726,8479541.469698979,0.28418823847883506,0.37018907644926125
2008,IA,11498.534756402863,166944748.77103186,383479070.8369782,0.22285605819411433,0.5529874813542041
2008,ID,6591.475659181299,44533670.85897864,11066545.866642728,0.220099778052894,0.4640035924558427
2008,IL,10723.644016707443,104227758.84508646,244865999.25054723,0.3436848848317074,0.4906325303298919
2008,IN,10507.602121310678,48630636.61489295,30479745.650771555,0.36882526596565535,0.48153210440800004
2008,KS,8701.56481752652,38895358.10657786,20224732.150652796,0.31129969371399774,0.5381691697222362
2008,KY,10901.026793727566,76105079.06727377,181974377.7113921,0.3262054956253659,0.5075093608640132
2008,LA,5745.428339633741,35039422.66326857,6926193.753821068,0.2673855024306027,0.30281143208030753
2008,MA,6656.278630203909,51902431.05196386,83194661.22760494,0.3532470150961606,0.6382817026012756
2008,MD,12008.231110239862,66019899.69382667,11960558.28761655,0.27690024179254746,0.40279241906621116
2008,ME,12332.143590991105,45130382.14437037,26785843.16462526,0.34713106641432,0.6519161732337166
2008,MI,13913.187641118171,128524068.49004729,256620337.09565797,0.4260392590068378,0.49915934475530266
2008,MN,8704.691888941656,50273230.48827424,1844317.1111901714,0.3724471845375494,0.5582702960490113
2008,MO,7737.650482754057,39013832.23162746,82005451.97605592,0.2970091997637291,0.5373302635727045
2008,MS,8432.187159308834,79780678.30744627,12368083.687267948,0.2290688674817662,0.5054263039511098
2008,MT,8869.146529083331,32710825.288301468,10126016.675288845,0.32633894273926883,0.5205094491777988
2008,NC,8391.140158943093,66875038.34298074,10615617.080108894,0.21477730455366917,0.4973250739574082
2008,ND,9900.112658359389,76374791.56643534,28802808.917995565,0.298573720012002,0.6297039999999999
2008,NE,6260.128240403961,40198682.9459098,18640424.968930375,0.252152513947838,0.524877195858263
2008,NH,16435.691915995118,99914094.33427644,32178583.407549277,0.384548170988165,0.6799999999999999
2008,NJ,11023.885625490071,15118982.710186362,12471873.173715288,0.435819590271976,0.6060075700460049
2008,NM,7000.621194532879,114106988.01661648,219785518.88379648,0.11692251430205775,0.24749533752810554
2008,NV,9704.475252949896,98301794.34215307,50898332.357323006,0.2268052070691915,0.20375355315520183
2008,NY,7426.219142946215,50125453.410336204,56258897.114670604,0.21899143138760652,0.24042468668254402
2008,OH,11482.117631473397,72170081.55280232,222258106.22256535,0.39288471614600345,0.6123239823982399
2008,OK,6082.540714660227,23747489.72159568,9716502.653659387,0.256333478447961,0.37290954095409545
2008,OR,9848.157669743314,41149225.977600574,4714210.958080224,0.28862066188085017,0.49993251376364034
2008,PA,10667.897789317607,69520941.70773205,141393426.50173768,0.41541175049278484,0.6880997634835695
2008,PR,2913.8686632625095,134374626.2988422,36766492.32576923,0.10683368953478899,0.01743185230986662
2008,RI,14906.065389084652,65742247.39747378,20142585.40153139,0.39655435283831103,0.6699999999999999
2008,SC,10663.166944143608,22980822.031500533,12361381.611001652,0.43979687920377386,0.45766226077378497
2008,SD,4445.913784470622,21808834.02059262,15774452.534742225,0.254695666483049,0.7102812008932264
2008,TN,10040.928593022263,40867049.11835975,13342664.53647107,0.3205783253484357,0.4630267501904681
2008,TX,6796.720258606435,93007814.03821464,105053508.59187083,0.31834913529964187,0.3861629619585547
2008,UT,7266.102228604356,40927967.16662571,9945302.964133542,0.31318863175158296,0.24691891748262898
2008,VA,11019.438099309402,58726581.1489995,107331088.14640151,0.2586080346867142,0.41164778177742745
2008,VI,7094.543273091418,15738998.09220035,-2313820.7926708288,0.10805258652345401,0.19
2008,VT,16713.024062125056,72000512.78280316,12614213.494617429,0.47481439263989,0.6587791470875077
2008,WA,11302.091152894158,184208888.06222892,211558448.765458,0.2865212393730997,0.3729562602698382
2008,WI,9604.65327011983,57001238.67832654,43711684.51821212,0.39446473935827925,0.5169539179222088
2008,WV,6496.19072193123,26834235.858167198,8449087.83557615,0.3035049461758774,0.5158113573559284
2008,WY,5366.0545483746,54495382.964237444,34141860.66723506,0.12156270420174402,0.72
2009,AK,9525.251912344283,147125019.3735849,60356829.24109511,0.144174050466162,0.35
2009,AL,9331.484035069736,78810328.11071561,162071731.58323932,0.3255420676946502,0.419484884137296
2009,AR,7275.792379622466,22344382.449102167,22555142.164297383,0.24754836228502247,0.46109317483367657
2009,AZ,12400.319601412473,300312587.5462362,126815186.07505888,0.27355166477910947,0.30284072566073195
2009,CA,6814.841408405248,121493782.97458044,209374143.39003623,0.3200826951248313,0.33431483220157643
2009,CO,10405.52936648063,89725250.78717071,71582823.84047179,0.4631820142707023,0.4011073079211092
2009,CT,9776.104748600095,48150894.48212387,145786120.3872089,0.32819546779576625,0.5581997233383834
2009,DC,4070.8923031054032,25780938.692874234,6688134.692720511,0.16068680655237,0.09
2009,DE,14862.997419150457,99869614.92029177,10828269.269465843,0.402266954839041,0.47
2009,FL,8513.359541689568,112611726.02267109,21551957.373490084,0.23037316008342046,0.2758396545502849
2009,GA,8625.884578192816,43891085.70502345,6083679.577320999,0.30524226213352323,0.41333673561966977
2009,IA,11752.581268808985,168800065.98407695,429153350.3326452,0.2325003545383317,0.5374103071978473
2009,ID,6761.49768468913,53034391.750563666,6342639.971186723,0.226046520284784,0.5759611984034759
2009,IL,11517.431581573941,107881237.38317168,258422491.8005355,0.3536118588344894,0.5352981481739907
2009,IN,11039.872221992986,50732386.05473255,23511540.117445946,0.391550706431119,0.4993563554196243
2009,KS,9060.65072697034,40594341.19438826,26739912.90900524,0.3217674447605492,0.4865765359771669
2009,KY,11522.382001669097,72037277.56954582,188662256.61473125,0.3473516641600645,0.4926400478668276
2009,LA,5928.464086726658,33646357.114579596,7334329.175765301,0.26867605470386147,0.34867635475740394
2009,MA,6723.863133449484,52419869.73346304,95210789.29695138,0.37797483626728917,0.6624884201819686
2009,MD,12174.688982008585,69916938.69884884,10583752.64279691,0.27852999483638413,0.45241825250023515
2009,ME,13264.854151720405,46719990.41434513,29638030.17051541,0.36836442773154104,0.6872168693729269
2009,MI,14888.028223965559,135433830.7180258,270644712.5876277,0.44707803871643836,0.5441637536716426
2009,MN,8186.117240193486,47586264.68322336,2045127.7241874805,0.3773689182360222,0.5890687425732384
2009,MO,7797.71410802299,37398145.71276168,83989178.89309968,0.3072223891637412,0.5462538384715183
2009,MS,8944.40766940901,79204291.79949965,12023201.679606624,0.24260329608173942,0.5670191524467929
2009,MT,9029.641977005278,35648740.71465306,9883896.252094023,0.3167703636171666,0.5215493727996718
2009,NC,8418.667376045347,71358912.28457756,15304996.671216533,0.22972588988188766,0.46522999833177836
2009,ND,10251.704764089849,74932102.56505695,26820568.787920773,0.2936827827260725,0.6072479153798641
2009,NE,6541.5210823728885,40938097.83573171,20222431.293784756,0.266684192420743,0.5204174272522281
2009,NH,17131.67177556857,92004138.94876963,28677712.50691797,0.401308504641596,0.69
2009,NJ,11732.83638101072,16539910.862453291,11283638.725923907,0.4523236603198124,0.6024479743689553
2009,NM,7338.73749173103,118837518.85597084,243320679.96346503,0.13046372190043393,0.28411841696251816
2009,NV,10126.874668076658,89746324.01560852,64003977.69980617,0.24653140949827348,0.2737636558170965
2009,NY,7443.7490799317975,54527887.99610308,60463794.99895179,0.2242436246934136,0.23119673084499023
2009,OH,11421.050266851535,73489912.54107589,234651890.92984685,0.3911853859852295,0.5759140318456826
2009,OK,6771.127182541528,21199701.4674913,7527812.240342776,0.27284068812105583,0.42410138304125133
2009,OR,10287.484090972614,43997847.27882258,13378833.658878302,0.32562653671354563,0.5137172184309966
2009,PA,10960.914942400848,70522674.0972274,145131606.93115526,0.4363468638215928,0.6836020766244599
2009,PR,3006.2585543049863,135899247.61315668,39149717.21242627,0.10535505055896674,0.03
2009,RI,16435.167545584132,72652747.4169842,20664732.417356905,0.422214641450525,0.78
2009,SC,11371.754305368622,24250874.83481969,7590909.320223119,0.4805870401820033,0.4946834596820558
2009,SD,4683.646404979081,26692258.82107817,19557965.463283446,0.25941023905691496,0.6823435095959187
2009,TN,10514.88159071639,43202468.071641855,14874484.968368283,0.3358067309290838,0.4608846180725417
2009,TX,7327.959521657704,104371337.27391066,107942384.82705045,0.3159422730931896,0.447515932895336
2009,UT,7530.3026581818485,43846666.318133935,9866896.036215743,0.3420228083197926,0.2915683998289241
2009,VA,11524.865730604026,62139095.57498436,109202971.43624973,0.2682605114143332,0.44276921369718597
2009,VI,7346.688453260532,21307564.476632588,-3408705.483210501,0.141550704899764,0.22999999999999998
2009,VT,17477.53860210194,73526541.65708938,12007246.326086141,0.49975916733217407,0.6358534905741585
2009,WA,11632.698437747482,187643758.40854982,219727047.2535963,0.30383537040968106,0.38988624555042123
2009,WI,10290.278974419345,65462164.38375755,44535049.94680119,0.39807209729351956,0.5411500132355461
2009,WV,6781.488673677594,27056305.483287025,7365347.769777969,0.3072594854552754,0.5392182659717919
2009,WY,5533.869224533907,53633486.63059376,24554669.317076456,0.11457733786614001,0.37
2010,AK,9922.20568897502,144788215.76295942,40395163.05453666,0.155594150782568,0.35
2010,AL,9980.07063925993,83120464.82617025,183378274.1102499,0.35122413935310604,0.42652499937719535
2010,AR,7373.209421932317,27061740.192340314,22579528.536801863,0.26458883186917276,0.4888045744819497
2010,AZ,13929.936812236145,353687258.9798603,55766995.84746351,0.2990294942150795,0.3848978410124907
2010,CA,9479.07110589598,132811431.73249803,231351958.5149681,0.3429539041807104,0.38030284758210847
2010,CO,10349.49051491453,100078993.59141812,68774150.20613886,0.446194178009417,0.4575300958806819
2010,CT,10293.107187348609,53235998.67153438,137976734.4291301,0.34705135748092275,0.5916512144162966
2010,DC,8625.494151844421,23380480.74157382,3659007.067063466,0.18021445282375698,0.25
2010,DE,16159.020693473603,122333049.4748426,2990982.2319191652,0.41028993735146396,0.52
2010,FL,9048.297519803198,137308713.74613535,19879533.790699583,0.26268241543520054,0.3271491377299992
2010,GA,9178.827738943875,58965761.066153884,5710512.190616258,0.3519292047431444,0.4455477379711812
2010,IA,12152.68952868711,192884282.99439415,408139315.83085346,0.24295711088130867,0.5653832880534547
2010,ID,6960.768530694168,62640566.56460658,8591798.551318433,0.25031373294551706,0.5746456310679612
2010,IL,12070.048229981317,130661689.86942007,249851605.73168567,0.36025423766565656,0.5760392413069316
2010,IN,11684.6909103942,60505429.77172422,16916868.939288933,0.41583117064073266,0.5218373791412108
2010,KS,9448.53848882276,50321975.481867276,13333578.12634093,0.3203845206635725,0.5220155574762316
2010,KY,12000.46904382904,82762090.97287013,166494738.8072235,0.36385250030828437,0.5344455087047134
2010,LA,6431.884218383874,41618480.56867012,17616076.274502445,0.32472717458904604,0.3638184051966384
2010,MA,6855.921640647405,66167280.25573695,110985284.12061144,0.4055626514027407,0.6881082924350419
2010,MD,12387.795055021115,78677541.50318365,18343465.673783664,0.2905279466979322,0.464996191571715
2010,ME,14129.95587929961,57348150.77247563,12203934.483666694,0.376933814573829,0.707657594715615
2010,MI,15626.511488684344,153443189.7737099,292803696.76591235,0.46079106876307,0.5820799307567832
2010,MN,8572.947983188522,57638146.01386068,1388526.8273551494,0.3746863721040927,0.6149398458521458
2010,MO,7952.93076798856,44199882.93282121,80915397.11590195,0.3234586630341577,0.5732296609941421
2010,MS,8357.962087341688,88468983.54585096,4266220.435988652,0.24514537600658143,0.5759909363114025
2010,MT,9251.905571319818,37883873.58404043,14114707.81158558,0.3393209029988946,0.5567424267127532
2010,NC,8571.0082679968,85587620.2374312,14842918.181515288,0.22663515546698454,0.5219022463382713
2010,ND,10509.138279465711,86682132.89715555,870114.4407917506,0.27921496825221054,0.6334758950919578
2010,NE,6683.707998823451,46695443.951519154,14426011.922728222,0.27149346457052725,0.5299542483660131
2010,NH,17917.718527233726,92963620.92656934,3877981.221883869,0.408832061329482,0.72
2010,NJ,12012.824927330616,22179098.10806112,9601984.48108001,0.46064731650506424,0.6137719826720601
2010,NM,7540.482585300024,131970609.65693133,248950965.67759022,0.1475894182615387,0.3039664549152233
2010,NV,11187.418160426332,118613270.21039523,37954796.04034883,0.283229450802502,0.3211018641810919
2010,NY,8942.118093524354,70155816.53168617,60815628.17899741,0.2427444585397977,0.251639810341796
2010,OH,11671.406077174268,96043848.88856734,243875754.0791437,0.4026445548156865,0.6074384331694773
2010,OK,6825.978778808224,24457859.297027484,7628008.339123816,0.28049206806995464,0.44001565073173016
2010,OR,11063.434338016477,50814226.43079108,12805207.19880269,0.34449794232089365,0.5759147993105147
2010,PA,11255.758780375603,81055122.26355177,152850357.89545792,0.44450852281722614,0.7073118352846038
2010,PR,3011.5731711537146,152940286.8324106,87572447.68876742,0.12199901807353179,0.03873181228225972
2010,RI,17310.836528479485,86251790.56190743,23388379.65727733,0.43275256902398207,0.66
2010,SC,11705.577790850582,31255904.155543968,6320213.171663345,0.4944127870556306,0.5156197732286696
2010,SD,3610.580403488132,44867279.65326322,14132902.091909481,0.219060376513027,0.6894663938296868
2010,TN,11270.36570004845,63774262.56208044,8320924.785936746,0.3437313034792915,0.5113837837837839
2010,TX,7701.674679043535,125990123.1117552,106425880.61097658,0.33257783123903467,0.45729994933912566
2010,UT,7884.636127067621,60321565.6604748,10860864.406616379,0.3817633616861064,0.32319082190553017
2010,VA,11958.252796041254,67271831.98268394,115296338.37674586,0.29028103832306407,0.4673669803250642
2010,VI,7559.775763028586,32742771.63866013,-1984709.9298221339,0.12138250409849399,0.23
2010,VT,18439.553048653892,81385957.16655135,6523412.928472561,0.497146077668818,0.6408386859223499
2010,WA,12297.672728216488,216233039.62696385,205829380.86877993,0.3419962593312555,0.4331128515776378
2010,WI,10601.965071505423,68382535.92441757,23968224.385279898,0.38439852012035036,0.5814974720392218
2010,WV,8215.106324708584,34245263.421966925,22029494.364335652,0.34120515362709014,0.5838928025578413
2010,WY,5695.031074814869,60477562.47331998,17073874.3072185,0.118728491736966,0.43000000000000005
2011,AK,10344.471859494226,136750553.19858247,75855048.72023231,0.170889589981132,0.36
2011,AL,10984.696884032077,86084492.45435055,154596325.28870988,0.3523803267882885,0.48502
2011,AR,7518.333841711634,29841223.302418843,23634088.838373017,0.26400317149868363,0.4547731944204729
2011,AZ,15346.35852628151,389359744.9872675,24452581.66468404,0.322553116445703,0.4189393487390137
2011,CA,10027.681181246211,142828671.6528859,244638732.75638407,0.3480836692371812,0.4002409802171731
2011,CO,11015.781764644687,106999826.39816001,54786625.101787984,0.48828572800240033,0.4629441026874698
2011,CT,10771.76030533229,57402488.98148127,144942820.37555915,0.3481720108801382,0.5924022525801893
2011,DC,10169.49074346298,31624793.080529384,25392763.43552538,0.20269406003128,0.21
2011,DE,17127.563357411334,108517293.51540343,72367890.20157224,0.42532656332212,0.49
2011,FL,9416.744439765998,138119204.86529982,22030030.52628192,0.2802719133851066,0.3686595807390487
2011,GA,9544.411143253881,60935777.26446247,4225042.26857042,0.38414392883691645,0.4552807452893674
2011,IA,12500.17058895367,193958746.49404988,431215581.67827606,0.2644060665526357,0.5511517045658656
2011,ID,7640.498966470213,70574193.77735914,9413774.579792118,0.2721700328440505,0.5870439248142794
2011,IL,11602.277293554122,133171101.01893428,261845051.3595129,0.37618063476538277,0.56786646499268
2011,IN,12146.005379104156,65369561.34384396,19400245.295371767,0.432796721488849,0.5208126249342451
2011,KS,9683.660821305639,57729172.54930752,14633681.798675407,0.32011802387099153,0.5499681091158866
2011,KY,12476.594701891754,86736899.49753782,165990391.01651645,0.3751427189491257,0.554690915089282
2011,LA,7009.905255461811,41202998.66492118,25583287.58003475,0.349084261068489,0.39901221956423355
2011,MA,6927.634722336197,71294685.72772257,104229994.87730752,0.39195124444040835,0.7085078825145549
2011,MD,12494.509435199718,85895004.88914996,8106891.917638756,0.2856565241019787,0.46921452135133485
2011,ME,14495.126861823626,62084922.145761624,12808457.122580705,0.37359903170057246,0.7326802642918703
2011,MI,15686.599585231153,159049970.38645422,304622369.9297335,0.47180721240319556,0.6081547176077691
2011,MN,8914.258561109427,62371874.42652357,1129590.594539706,0.396240343457154,0.6318931787322233
2011,MO,8106.6578089168515,47330907.63486772,80799565.82671076,0.34047958240837695,0.5934568805419687
2011,MS,8671.96118044028,89337573.03863184,4896068.174958275,0.25456066234436114,0.6070932860538519
2011,MT,9387.016364598552,38424509.63721069,13971283.630299384,0.3606396002448712,0.5921585139318886
2011,NC,9225.033845758198,91707779.73112881,15001610.584433794,0.23925954512789663,0.5607206867220166
2011,ND,10662.525770398079,89217223.80613741,1140604.1118428493,0.28152910757823346,0.6299999999999999
2011,NE,7011.982237196216,52594473.92882666,13283297.2013506,0.27342823270426625,0.5098123186731367
2011,NH,18234.061591138332,96515621.824508,34759441.84793769,0.41145471448623205,0.77
2011,NJ,12310.629157017373,24411208.28043655,8569249.838581644,0.4654989990696249,0.6277608961920097
2011,NM,7945.815281427673,134969033.91609412,256215588.10096252,0.16879637263838998,0.3138735299280323
2011,NV,12119.500886528833,94633588.24246791,7914667.098823087,0.29037443148267195,0.5702562426816982
2011,NY,8976.416885660397,74046835.21074283,82901103.21172208,0.24406265316743106,0.24098985597255493
2011,OH,11823.857658667484,104250968.32240866,253632838.335427,0.41910849280703366,0.618903006218323
2011,OK,6993.454824910556,27282912.10992166,7070640.28181779,0.29385863167192566,0.4360899057384952
2011,OR,11448.82571679927,50212902.36968931,16087659.848543786,0.3738608196974882,0.5787682371449863
2011,PA,11522.839499701875,85755747.33853374,161216018.4382685,0.45702269952479824,0.7110218661370122
2011,PR,3604.3536650730257,161275801.94750255,53499318.77793583,0.16071250991139197,0.03
2011,RI,17875.864953615546,92092893.83136503,22139733.767317843,0.423438091151583,0.63
2011,SC,12235.437572498202,32523250.089602735,9091252.053547822,0.5249414627421183,0.5474375768526186
2011,SD,3853.4444302469165,47389167.082799986,3208907.6651499183,0.2361314660032255,0.7253595412359465
2011,TN,11612.57030037949,63073561.84878578,6847168.381756955,0.3499726858865362,0.5443319373312814
2011,TX,8012.869932142097,125396241.55878116,114476385.17103279,0.3581126465142761,0.44573735344514687
2011,UT,8274.548186912845,79809821.2151506,5520560.338563552,0.38126854415582323,0.36880240350297766
2011,VA,12598.177168942544,70371483.50680049,125402811.77374291,0.30476132839575293,0.478655309573799
2011,VI,7714.608615612859,23778713.947337475,454828.41490001674,0.161760874350753,0.31
2011,VT,18721.950114660744,88923360.0052242,9014435.250037316,0.5042155148454546,0.6467103057396024
2011,WA,12850.21859607304,235943747.21135795,202268683.41082922,0.3641535749374228,0.44817046801255794
2011,WI,10801.060284988593,70019582.89569265,29550680.434888445,0.3967934604693269,0.6025277116780625
2011,WV,8211.834366755427,38657927.005622864,8425192.517606191,0.34586530322615433,0.6007166240409207
2011,WY,5867.013890459412,74858848.28904459,20798822.596149933,0.108532205104203,0.38
2012,AK,10935.0,86444325.0,110410405.0,0.18646537888885997,0.36
2012,AL,11707.222222222223,73079190.55555555,150784536.44444445,0.3745304239575697,0.48794325985255743
2012,AR,7405.1875,27332749.875,21027276.875,0.28173344492222463,0.4903686607956271
2012,AZ,16175.5,390139500.0,31381500.0,0.36727830929793903,0.45557163547362156
2012,CA,14217.545454545454,137729601.54545453,182230573.3181818,0.4135409149894313,0.4274274176294395
2012,CO,10468.6,102990243.3,59777719.6,0.506728605179811,0.4809968313779225
2012,CT,10727.25,54441372.75,148232352.75,0.374120797708713,0.6247275624004248
2012,DC,9880.0,24021361.0,2329343.0,0.19698796936396398,0.41
2012,DE,17805.0,114139414.0,26415490.0,0.43731525945987,0.5399999999999999
2012,FL,9583.318181818182,134164340.81818181,13691888.454545455,0.31879431852758255,0.4004894740436422
2012,GA,9753.67857142857,65153248.14285714,4550917.428571428,0.41156954143514446,0.5223395216683678
2012,IA,12744.333333333334,185326025.0,513004629.6666667,0.284170005244365,0.5453874203960568
2012,ID,9966.0,63001435.0,6397371.0,0.30519636642671344,0.5995917550530317
2012,IL,11641.5625,134900947.5,286976235.625,0.3798913108199984,0.5897491993885611
2012,IN,12266.07142857143,62011539.21428572,20836854.35714286,0.4395134611571537,0.535614578320815
2012,KS,9844.875,52398909.75,14848538.0,0.33477065773385695,0.5374264119962331
2012,KY,12853.42857142857,78738604.57142857,167730238.0,0.387892759709799,0.6222968136981579
2012,LA,7676.285714285715,38569186.428571425,6729740.142857143,0.3854956154924851,0.41325307416668816
2012,MA,6898.5,66458792.571428575,85738922.85714285,0.40590153248136973,0.6985415035490122
2012,MD,12588.333333333334,82182571.0,8532807.333333334,0.2986154213880803,0.4629225153121229
2012,ME,14765.0,56950770.5,11504401.0,0.367008796677867,0.7306071919827078
2012,MI,16065.777777777777,159572481.66666666,309761091.2222222,0.5028079355884315,0.6214221255974105
2012,MN,9647.363636363636,59480546.09090909,1258759.0909090908,0.42673129845544255,0.6341786229208426
2012,MO,8407.888888888889,44473299.222222224,85826891.0,0.35827060172836334,0.5960298932140348
2012,MS,8215.7,77671567.8,7074830.2,0.2713204645189662,0.5428861833610036
2012,MT,9602.5,36887186.6,10747227.4,0.3545201567842444,0.572554549322312
2012,NC,9490.035714285714,87551215.64285715,6848698.214285715,0.25113882675882615,0.5767959378203553
2012,ND,10944.25,81095794.5,1332939.0,0.288534083788396,0.6256248907533648
2012,NE,7155.375,49910037.0,2068860.25,0.283269793623089,0.5235112546787675
2012,NH,18720.0,95890856.0,48273377.0,0.46438123555984795,0.77
2012,NJ,12477.375,23817766.375,8381921.25,0.46942734100309497,0.6461039745499939
2012,NM,8218.5,120401255.25,250587678.0,0.18992106676196915,0.448772417875111
2012,NV,12298.75,88209752.0,5842859.0,0.32778026360478,0.6316778959331114
2012,NY,9311.888888888889,69538543.0,80712504.8888889,0.2503980875661802,0.24391421188038254
2012,OH,11887.818181818182,93144502.9090909,247710292.36363637,0.4514849610793551,0.5998731127603987
2012,OK,6884.375,25585727.916666668,6427924.916666667,0.32492317964549805,0.46119154731472073
2012,OR,11640.5,56215265.166666664,5938175.0,0.39839569805735287,0.5810556989690069
2012,PA,11927.764705882353,82735840.64705883,162247067.29411766,0.48094633060132874,0.7070723606064072
2012,PR,3741.0,167877125.5,57950243.0,0.1577688577614961,0.039999999999999994
2012,RI,17868.0,98051231.0,19994596.0,0.416460561567756,0.82
2012,SC,12374.59090909091,29859375.363636363,4805430.090909091,0.5444839299755914,0.5734055976420724
2012,SD,4285.75,36390583.0,754520.5,0.286136659180254,0.7262580792335184
2012,TN,12188.0,57283296.0,11731151.0,0.4111141389027049,0.5630509583225345
2012,TX,8244.541666666666,110734295.66666667,111224878.16666667,0.37525636942377516,0.46338957042578444
2012,UT,8637.0,63103071.6,5828641.8,0.4212545795901718,0.36288294892006145
2012,VA,13420.1,66898452.3,125344248.4,0.31800201771024017,0.47311634312811085
2012,VI,7980.0,25801073.0,353706.0,0.15898975138211702,0.35
2012,VT,19112.0,78870132.5,9211833.5,0.524981093345054,0.6442393500762919
2012,WA,13676.833333333334,226547246.83333334,201639348.66666666,0.41003321845467067,0.45957859992305045
2012,WI,10907.727272727272,68118867.72727273,26689089.818181816,0.42432715989604974,0.6102055838140649
2012,WV,8408.142857142857,32368172.0,6538741.714285715,0.3456100600556629,0.5953010493428872
2012,WY,5988.0,40572032.0,53603026.0,0.121834070884857,0.39
